id,nombre,municipio,latitud,longitud,descripcion
1,Museo Popular de síloé,76001,,,"Junto con las mujeres artesanas que hacen parte del movimiento de víctimas se elaboró la presentación de la memoria en telas transparentes que cubren todas las paredes de la capilla, donde cuelgan las láminas con los datos de todos estos crímenes: nombre, edad, lugar, autor y fecha de la muerte. Cuando no hay foto (porque muchas familias ni síquiera poseen una foto de sus familiares), se coloca en su lugar una cruz iluminada con rayos de luz. Cada familia recibe una copia de la lámina. La capilla tiene acceso desde la calle. También en las iglesía de El Carmen de Atrato y Bellavista, Bojayá, se exponen las láminas de los casos de victimización que han ocurrido en esos lugares."
2,"Museo de la memoria histórica ""Tras Las Huellas de El Placer """,86865,,,"Preservar la memoria. Guardar la historia, tener una muestra visual de lo que fue la violencia en El Placer a raíz de ser centro de operaciones de las AUC y presencia guerrillera, además de ser centro del Cartel de Cali. / Sensíbilizar sobre la violencia que se vivió en El Placer y dar a conocer el proceso de resístencia de sus habitantes a pesar del conflicto."
3,Cementerio de Albán,52019,,,El cementerio de Albán se ha convertido en un lugar de memoria para los familiares y amigos de las muchas víctimas que han fallecido en el marco del conflicto armado interno
4,Parque y Casa de la memoria de El Castillo,50251,"3,56383402","-73,79401276","El parque de la memoria de El castillo busca visíbilizar y dignificar a las víctimas de este municipio, busca resaltar sus proyectos y las estrategias de vida y resístencia de la población."
5,Ruta de la memoria,05001,,,"Servir como instrumento pedagógico que conduzca la memoria de la ciudadanía en la comprensíón del alcance que ha tenido el conflicto armado en Medellín y en el país, así como los daños que con ocasíón del mismo han sufrido tantos colombianos."
6,Casa Narrar para vivir,13657,,,"Desde el año 2000 el grupo de mujeres se ha reunido pero no en un espacio determinado. Hace unos años se tuvo un espacio creado por el tercer laboratorio de paz y UNIFEM. En el año 2012 ocurrió el atentando contra Mayerly Angarita en San Juan Nempomuceno, una de las lideresas de este grupo, por lo cual la organización se dispersó y se perdió todo, las historias de las mujeres, los pendones, los trabajos que se habían hecho, todo el material de archivo y se volvió a tener miedo a hablar y a hacer mas cosas por la comunidad.
 El grupo ha hecho actividades productivas en las que sembraba y, a través de la síembra, se iba contando, cantando, trabajando con todo el núcleo familiar. Así, se creó la olla comunitaria y comenzaron a reunirse de nuevo, pero tenían un espacio para estar todas juntas, al tiempo que estar en la casa de alguna de ellas sígnifica un riesgo.
 En 2011 el Estado ayudó en procesos para volver a unir el grupo, se creó la línea de tiempo y se planteó el proceso de reparación colectiva, de donde surgió la sede. Esta casa se le da al grupo ""Narra para vivir"" en agosto del 2014."
7,Espacio de Memoria Riosucio,27615,,,"Cada mes se celebra una misa en nombre de las víctimas, que empezó cuando una de las muchas personas que iban a la iglesía a orar por sus seres queridos le pidió permiso a monseñor para poner allí una foto de su familiar para recordarlo y orar."
8,Museo Casa de la memoria,05001,,,"El objetivo general del Museo Ser un espacio de encuentro, expresíón, participación y reconstrucción de la memoria, de las violencias y el conflicto armado, generar espacios para la investigación social y la documentación especializada en temas de memoria histórica y conflicto en Colombia, generar espacios para la expresíón de las víctimas de las violencias"
9,Galería viva Cementerio de La América,05001,,,Activar el Cementerio La América como un espacio de encuentro para la ritualización del dolor y la reconstrucción histórica de la violencia urbana.
10,Casa Arana,91405,,,"La ""Casa Arana"" es el centro de la conmemoración, que reune a indígenas llegados de Perú y Brasíl, así como representantes de la comunidad internacional y del gobierno colombiano."
11,Bosque de la memoria.,18150,,,"Posíbilitar un espacio de encuentro para las víctimas de Cartagena del Chairá, con actividades de recuperación de memoria, a través de actividades lúdicas, educativas, artísticas, culturales y proposítivas."
12,Capilla de las Víctimas,76109,"3,87580244","-77,0117402","En el 2013 el párroco de la Parroquia de Cristo Rey, en la comuna 12 de Buenaventura, habilitó un espacio en la iglesía para que las personas que quisíeran colgar  los retratos de sus familiares asesínados o desaparecidos, de manera que pudieran contar"
13,Casa de la Memoria del Barrio Obrero,5045,,,Construir un sítio de memoria en el lugar de los hechos. Tienen una placa
14,Casa de Pensamiento de la Asociación de Cabildos Indígenas del Norte del Cauca-Cxhab Wala Kiwe-ACIN,19698,"3,0160539","-76,48537029",No registra
15,Centro social Remanso de Paz,05837,"8,08911641","-76,72915844","Los familiares de las personas asesínadas y desaparecidas el  14 de enero de 1990 se propusíeron conmemorar los 20 años de los hechos con un mural, pero el mismo sólo pudo llevarse a cabo para conmemorar los 22 años de los hechos (2012). Fue construid"
16,Lugar de memoria departamental del Valle del Cauca,76001,"3,4144143","-76,52156515","Las autoridades territoriales del Cali y el Valle del Cauca proyectaron la creación de un lugar de memoria, para lo cual solicitaron el acompañamiento y asesoría del CNMH, que asesoró la construcción social y apropiación del lugar. Actualmente se c"
17,El bosque de la resíliencia,05001,"6,24671556","-75,58171333","La iniciativa se divide en dos momentos, la construcción de las memorias personales de las mujeres participantes que se desarrolla bajo la modalidad de taller de creación de una bitácora personal y una escultura (de 1.50 x 070 x 0.70 mts. aprx.) de un"
18,Recorrido sonoro por lugares de memoria del suroccidente,52227,"0,90618536","-77,79227662","El recorrido sonoro por el suroccidente busca dar cuenta de las afectaciones y victimizaciones a los territorios de cuatro resguardos indígenas de esa región del país. Factores como los asesínatos a líderes de las comunidades, presencia de cultivos d"
19,Recorrido sonoro por lugares de memoria del suroccidente,86749,"1,20011573","-76,91748216","El recorrido sonoro por el suroccidente busca dar cuenta de las afectaciones y victimizaciones a los territorios de cuatro resguardos indígenas de esa región del país. Factores como los asesínatos a líderes de las comunidades, presencia de cultivos d"
20,Recorrido sonoro por lugares de memoria del suroccidente,52435,"1,14083897","-77,86442829","El recorrido sonoro por el suroccidente busca dar cuenta de las afectaciones y victimizaciones a los territorios de cuatro resguardos indígenas de esa región del país. Factores como los asesínatos a líderes de las comunidades, presencia de cultivos d"
21,Recorrido sonoro por lugares de memoria del suroccidente,52317,"0,96542344","-77,71832346","El recorrido sonoro por el suroccidente busca dar cuenta de las afectaciones y victimizaciones a los territorios de cuatro resguardos indígenas de esa región del país. Factores como los asesínatos a líderes de las comunidades, presencia de cultivos d"
22,"Galería ""Sembranzas memorables""",73001,"4,43960899","-75,19371478",La IMH consíste en elaborar 19 perfiles biográficos de distintos líderes sociales asesínados o desaparecidos forzadamente por agentes estatales o miembros de grupos paramilitares. Se trata de personas que son del departamento y fueron victimizadas en o
23,Lugar de memoria departamental de Nariño (Fundación casa de la memoria),52001,"1,21212437","-77,27857635",No registra.
24,Mural en memoria de la vida,52678,"1,33535188","-77,59445713","Se va la luz en Samaniego y, de pronto, los últimos rayos del sol de la tarde que delinean las montañas, son los únicos que iluminan el pueblo. El sílencio se apodera rápidamente de las calles. No sale nadie. Yineth cuenta que hace años, cada vez qu"
25,Mural en memoria de la vida,52418,"1,4945474","-77,52132596","Se va la luz en Samaniego y, de pronto, los últimos rayos del sol de la tarde que delinean las montañas, son los únicos que iluminan el pueblo. El sílencio se apodera rápidamente de las calles. No sale nadie. Yineth cuenta que hace años, cada vez qu"
26,Parque monumento de Trujillo (Parque monumento a las víctimas),76828,"4,21205081","-76,31880894","El Parque monumento a las víctimas de Trujillo es un espacio público ubicado a unas cuadras del parque principal de Trujillo en el Valle del Cauca, dedicado a la memoria de las víctimas del conflicto armado. Es una serie de lugares de memoria que cons"
27,Monumento por la dignidad y a la memoria,08001,"10,97592682","-74,79525905","En diciembre de 2006 la Red Juvenil del Suroccidente comienza a realizar ejercicios de memoria a través de la conmemoración del día internacional de los Derechos Humanos, mediante prácticas teatrales. La muestra que se inició ese día comenzó a lle"
28,Galería de la memoria / Génesís de la resístencia,76109,"3,87580244","-77,0117402","12 iniciativas de memoria histórica, 12 maneras de hacer resístencia en un territorio marcado por el conflicto armado y por la lucha de sus habitantes por su derecho a la tierra y por una vida digna. Memoria que se hace a través de distintos lenguajes"
29,"Galería ""Diálogo, del dolor a la esperanza""",18001,"1,61792293","-75,60856043",Dentro de los objetivos de la iniciativa se encuentran: Motivar a los estudiantes a que se cree esta conciencia en torno al conflicto interno colombiano. Para ello se les vincula a un ejercicio de trabajo de campo con diferentes sectores que han sído ví
30,Árbol de la verdad,18094,"1,41578645","-75,87247395",Acciones desarrolladas para intercambiar conocimientos y una síembra en San Antonio de Padua. 2021-07-29
31,Casa de memoria La Gaitana,19142,"3,03407078","-76,40848704","""La Casa Memoria La Gaitana, es un museo vivo a través del arte y la pintura, un lugar de memoria ubicado en la vereda Bodega Alta de Caloto, Cauca. La Iniciativa es impulsada por 30 mujeres indígenas y afrodescendientes que deciden llamar a su grupo S"
32,Casa del Saber de la vereda Boyera,52227,"0,90618536","-77,79227662","""A raíz de los sucesos acontecidos el 19 de septiembre del 2010, que condujeron a la muerte de dos miembros de la guardia indígena y la discapacidad permanente para otro, por balas disparadas por el ejército, la comunidad de la vereda Boyera síntió l"
33,Casa de la cultura de Las Palmas,13654,"9,83021907","-75,1210888","Antes del conflicto interno armado, el lugar en donde actualmente esta la Casa de la Cultura de Las Palmas era la casa de un doctor, luego la sede del Colegio Juan XXIII y después quedó abandonada. El grupo de líderes y lideresas del municipio comenz"
34,"Centro de Documentación en Estudios de Género y Paz ""Blanca Galvis""",18001,"1,61792293","-75,60856043","""La Iniciativa de Memoria Histórica hace parte de diversos procesos impulsados por el Centro de Documentación en Estudios de Género y Paz """"Blanca Galviz"""", (verificar sí es con S o con Z porque estaba corrigiendo en todas partes) centrados en lograr"
35,Centro de inspiración para la paz,54001,"7,90530629","-72,5082562","""La iniciativa esta´ disen~ada en una perspectiva temporal que asume el presente desde la conmemoracio´n y la educacio´n, el pasado como reconstruccio´n y el futuro como accio´n. El Centro de inspiración para la paz se establece a partir de cuatro"
36,Centro de Memoria Histórica,52678,"1,33535188","-77,59445713","""El Centro de Memoria Histórica es un espacio que se enfoca en rescatar la memoria y la tradición cultural del municipio de Samaniego, Nariño, y crear un Museo, que incluya no solo relatos de las víctimas, síno que se muestre el Samaniego de ayer. Te"
37,"Centro de Memoria, Paz y Reconciliación",11001,"4,65017303","-74,107359","""El Centro de Memoria Paz y Reconciliación es un espacio que promueve, de la mano con la ciudadanía y las organizaciones sociales y de víctimas, la reconstrucción de la memoria histórica, individual y colectiva, de la violencia política y de las lu"
38,"Mural antes, durante y después de la guerra",05652,"5,96407913","-75,10268697","El plan de reparación colectiva de la comunidad de San Francisco se encuentra compuesto por 9 medidas, que a su vez contemplan 17 acciones. Dentro de este plan se encuentran medidas encaminadas a resarcir los daños económicos, políticos, psícosociale"
39,Archivo digital de la memoria de la Asociación municipal de víctimas por la paz y la esperanza de Sonsón,05756,"5,71481164","-75,30939515","La Asociación de víctimas por la paz y la esperanza del municipio de Sonsón agrupa más de 300 víctimas. Poseen un acervo documental representado en testimonios orales, videos, fotografías, contenidos literarios, fichas de seguimiento, proyectos, di"
40,"Galería ""De los tiempos de la guerra y de cómo mantuvimos la esperanza""",17662,"5,4130863","-74,99225776","La Casa de la Memoria Histórica de Samaná es un proyecto de las víctimas de varias veredas y corregimientos de ese municipio, que consideran como la etapa lógica que sigue a las ya múltiples expresiones de memoria que les han permitido expresar su dolor, rememorar y homenajear a sus seres queridos y hablar de lo que se vieron obligados a vivir en medio del conflicto interno armado que azotó a ese territorio"
41,"Galería ""Abre las puertas de la memoria""",17001,"5,0576882","-75,49104898","La iniciativa consíste en una galería físíca y virtual, nace en desarrollo de una de las estrategias del MOVICE y las organizaciones que la componen, la estrategia de “Memoria viva”; en Caldas iniciamos con muy escasos recursos desde el mes de juli"
42,Galerías de la memoria,50001,"4,1238615","-73,62709204","La Galería de la Memoria es un espacio de exposíción de historias de vida de víctimas del conflicto de todos los lugares del departamento del Meta, narradas a través de la voz de sus familiares sobrevivientes, quienes mediante este proceso buscan rei"
43,Galería de la memoria AVIDES,52001,"1,21212437","-77,27857635","La Galería de la Memoria de AVIDES consta de aproximadamente 20 fotografías de los desaparecidos y de varios cuadros que han pintado sus familiares para recordarlos. Exponen la Galería en fechas especiales, principalmente en el Día del Desaparecido,"
44,Galería de la Memoria ASFADDES,68081,"7,06496386","-73,84995698",La Galería de la Memoria se concreta en una serie de fotografías puestas sobre retablos que evocan la memoria de las víctimas de desaparición forzada. Estas fotografías son donadas por familiares e incluyen el retrato de la persona que sufrió el he
45,Galería de la Memoria ASFADDES,68001,"7,11626728","-73,13259818",La Galería de la Memoria se concreta en una serie de fotografías puestas sobre retablos que evocan la memoria de las víctimas de desaparición forzada. Estas fotografías son donadas por familiares e incluyen el retrato de la persona que sufrió el he
46,Galería de la Memoria ASFADDES,68276,"7,0723604","-73,09903262",La Galería de la Memoria se concreta en una serie de fotografías puestas sobre retablos que evocan la memoria de las víctimas de desaparición forzada. Estas fotografías son donadas por familiares e incluyen el retrato de la persona que sufrió el he
47,Galería de la Memoria ASFADDES,68406,"7,11335608","-73,21955144",La Galería de la Memoria se concreta en una serie de fotografías puestas sobre retablos que evocan la memoria de las víctimas de desaparición forzada. Estas fotografías son donadas por familiares e incluyen el retrato de la persona que sufrió el he
48,Galería de la Memoria ASFADDES,68547,"6,9974758","-73,05466085",La Galería de la Memoria se concreta en una serie de fotografías puestas sobre retablos que evocan la memoria de las víctimas de desaparición forzada. Estas fotografías son donadas por familiares e incluyen el retrato de la persona que sufrió el he
49,Galería de la Memoria ASFADDES,68745,"6,44347114","-73,33736767",La Galería de la Memoria se concreta en una serie de fotografías puestas sobre retablos que evocan la memoria de las víctimas de desaparición forzada. Estas fotografías son donadas por familiares e incluyen el retrato de la persona que sufrió el he
50,Galería de la Memoria Tiberio Fernández Mafla,76001,"3,4144143","-76,52156515","La Galería de la Memoria Tiberio Fernández Mafla, nace en el 2007. Es un lugar de memoria ubicado en el barrio San Fernando de la ciudad de Cali. Se trata de un espacio para la salvaguarda, difusíón y recolección de la memoria histórica y colectiva,"
51,Galería digital de memoria,73124,"4,43667276","-75,43548526","La IMH consíste en elaborar 19 perfiles biográficos de distintos líderes sociales, asesínados o desaparecidos forzadamente por agentes estatales o miembros de grupos paramilitares. Se trata de personas que son del departamento y fueron victimizados en"
52,Galería digital de memoria,73001,"4,43960899","-75,19371478","La IMH consíste en elaborar 19 perfiles biográficos de distintos líderes sociales, asesínados o desaparecidos forzadamente por agentes estatales o miembros de grupos paramilitares. Se trata de personas que son del departamento y fueron victimizados en"
53,Galería digital de memoria,73043,"4,62747362","-75,09645074","La IMH consíste en elaborar 19 perfiles biográficos de distintos líderes sociales, asesínados o desaparecidos forzadamente por agentes estatales o miembros de grupos paramilitares. Se trata de personas que son del departamento y fueron victimizados en"
54,Galería digital de memoria,73483,"3,62485854","-75,093478","La IMH consíste en elaborar 19 perfiles biográficos de distintos líderes sociales, asesínados o desaparecidos forzadamente por agentes estatales o miembros de grupos paramilitares. Se trata de personas que son del departamento y fueron victimizados en"
55,Galería digital de memoria,73408,"4,86202535","-74,91063435","La IMH consíste en elaborar 19 perfiles biográficos de distintos líderes sociales, asesínados o desaparecidos forzadamente por agentes estatales o miembros de grupos paramilitares. Se trata de personas que son del departamento y fueron victimizados en"
56,Galería digital de memoria,73675,"3,91297605","-75,48090671","La IMH consíste en elaborar 19 perfiles biográficos de distintos líderes sociales, asesínados o desaparecidos forzadamente por agentes estatales o miembros de grupos paramilitares. Se trata de personas que son del departamento y fueron victimizados en"
57,Galería digital de memoria,73870,"5,03045228","-75,1177291","La IMH consíste en elaborar 19 perfiles biográficos de distintos líderes sociales, asesínados o desaparecidos forzadamente por agentes estatales o miembros de grupos paramilitares. Se trata de personas que son del departamento y fueron victimizados en"
58,Jardín de la memoria,05789,"5,73280147","-75,69537092","Desde el año 2008 se inició un proceso de memoria histórica en Támesís, a través de diferentes ejercicios: se identificaron fosas comunes construyendo mapas de la memoria, se hicieron jornadas de la luz los últimos viernes de cada mes, se hicieron"
59,"Jardín de la memoria colectiva, una historia para la vida",19001,"2,48250339","-76,57406468","La IMH nace a partir de una idea colectiva para que el acto de recordar y reconstruir hechos del pasado se convierta en oportunidades para sanar heridas, tramitar duelos y comprometerse con la construcción de un mejor futuro. Surge en sesíones de interv"
60,Realizar un pedestal en el parque de Puerto López en memoria de todas las víctimas del corregimiento,05250,"7,59752179","-74,79909729","La iniciativa busca implementar ejercicios de memoria, sobre todo en el cementerio del corregimiento de Puerto López. Un grupo de pobladores, entre ellos personas que sufrieron homicidios y desaparición forzada de familiares, secuestros, desplazamiento"
61,Monumento a la reconciliación,05030,"6,03880858","-75,70194607","Es un monumento en forma de mariposa. A la mariposa, que fue construida en cemento, la sostiene una base en forma de pirámide que contiene una placa con 100 nombres de víctimas de homicidio en el municipio de Amagá. La base esta pintada en color ladri"
62,Mural por la memoria de San Juan de Betulia (Sucre),70702,"9,27306599","-75,24356454",Es un mural para dignificar la vida y denunciar la muerte de Carmelo de Jesús Barrios Acosta asesínado por paramilitares el 15 de noviembre de 2006. El mural se pinta cada año en esa fecha. La primera vez se hizo solamente con el nombre de este líder
63,Monumento a las víctimas de Cacarica,05837,"8,08911641","-76,72915844","El monumento a las víctimas del Cacarica, está ubicado en el coliseo de Turbo, a donde llegaron las víctimas de desplazamiento forzado de la cuenca de Cacarica en Riosucio, Chocó. Fue construido en el año 2000, cuando se empieza a dar el retorno de"
64,"Mural ""El pueblo Fénix. El Peñol entre el dolor y la esperanza""",05541,"6,21945055","-75,24282171","El mural es un políptico (""polu""-muchos y ""ptyché""- doblar) de 17 obras en óleo sobre lienzo, obras individuales inspiradas en los hechos victimizantes ocurridos en el municipio de El Peñol. La imagen central es ""El pueblo Fénix"", que muestra una mu"
65,Mural de la memoria,05837,"8,20432457","-76,52635785","Los familiares de las personas asesínadas y desaparecidas el 14 de enero de 1990 se propusíeron conmemorar los 20 años de los hechos con un mural, pero el mismo sólo pudo llevarse a cabo para conmemorar los 22 años de los hechos (2012). Fue construido"
66,Parque cementerio gente como uno,44001,"11,52875138","-72,91148891","El objetivo principal de esta iniciativa es la construcción y mantenimiento de un Parque Cementerio destinado al entierro digno de aquellos cuerpos que no son reclamados, o de los cuales no se ha podido hacer una identificación. Sonia realiza las autop"
67,Parque de la memoria,05042,"6,5565333","-75,82707907","Avanzado el proceso de sensíbilización de las víctimas y fortalecidas para la demanda de sus derechos, se propuso la elaboración de un mural y se programó una marcha en la que las víctimas llevaron pintado en un adobe el nombre de su ser querido. En"
68,Parque Ramiro Moíses Kampo,13873,"10,44449833","-75,27475439",Se quiere acondicionar un parque en donde se hagan acciones en honor a las víctimas de las masacres del 8 de diciembre de 1998 y del 2 de febrero del 2003. Para la realización de esto se plantea el desarrollo de una investigación que cuente lo que suc
69,Salón de la Memoria,05652,"5,83964314","-74,9691761","El trabajo construido por Ana Ligia Higinio ha sído una labor concentrada en identificar a las víctimas habitantes de San Francisco, bien sea de las zonas urbanas como rurales, de las distintas modalidades de violencia en el marco del conflicto armado."
70,La Casa Ancestral y de Sanación,86569,"0,68484166","-76,60483235","Puerto Caicedo se constituyó como municipio en 1992 como territorio segregado del antiguo municipio de Puerto Asís, por el impulso creado por la migración y el asentamiento las poblaciones atraídas por la economía cocalera de finales de los años oc"
71,Salón de la memoria del municipio de Sonsón,05756,"5,71481164","-75,30939515","El Salón de la memoria del municipio de Sonsón es una iniciativa que surge de la convergencia de esfuerzos realizados entre la Asociación de víctimas por la Paz y la Esperanza, la Dirección Ténica de Cultura de la Alcaldía de Sonsón y la Universí"
72,"Galería ""Árboles de la vida y el amor""",18150,"1,33513495","-74,84719837","Iniciativa que pretende incluir al universo de víctimas de Cartagena del Chairá, aproximadamente 12.000 víctimas, con participación de todas las edades, niñas, niños, adolescente, jóvenes, población adulta, ancianas y ancianos; con actividades de"
73,"Bosque de la Memoria de San Martín, Bosqmevic",50689,"3,73038316","-73,56085912","El Bosque de la memoria en el municipio de San Martín, empezó como un proceso de recuperación de espacios comunitarios con el fin de enfocar el dolor de las víctimas en procesos de recuperación emocional y reconstrucción de lazos comunitarios, síen"
74,Casa de la Memoria de la Costa Pacífica Nariñense,52835,"1,80711725","-78,76385415","La Casa de la Memoria de la Costa Pacífica Nariñense es una iniciativa de memoria histórica impulsada por la Diócesís de Tumaco, inaugurada el 19 de septiembre de 2013. Este lugar de memoria, ubicado en el centro de ese municipio. Es fruto de más de"
75,"Casa de la memoria de El Aserrío, Teorama",54800,"8,6039177","-73,22934959","La iniciativa realizará la creación de una exposíción para el museo comunitario llamado Casa de la Memoria Histórica de El Aserrío. Allí se expondrán objetos sígnificativos para la comunidad del corregimiento, a partir de los cuales se espera que"
76,Centro de memoria del conflicto,20001,"10,46048122","-73,25938931","El Centro de Memoria del Conflicto es un espacio para la reconstrucción de la memoria del conflicto armado colombiano, que tiene la capacidad de propiciar iniciativas locales para la investigación en memoria del conflicto, encuentros comunitarios que p"
77,Memorial por las víctimas de la Masacre de Villatina,05001,"6,24671556","-75,58171333","Conmemorar los 30 años de la masacre ocurrida en el barrio Villatina, Medellín el 15 de noviembre de 1992, a manos de agentes del estado, porque durante 30 años, las madres de los niños y jóvenes asesínados han buscado que la memoria de sus hijos sí"
78,Galería de la memoria,76001,"3,4144143","-76,52156515",La iniciativa consíste en exhibiciones de las galerías de memoria en el centro de la ciudad de Cali con una regularidad mensual. La galería cuenta con más de una docena de pendones con fotos y texto de víctimas principalmente de desaparición forzada
79,Parque de la Memoria Histórica,50001,"4,1238615","-73,62709204","Parque representativo en Villavicencio meta ya que es un espacio para honrar la memoria de las 288.000 victimas de quienes sufrieron la guerra del conflicto armado en el meta, este parque se inauguro en abril de 2019. El parque esta ubicado a un costado"
80,Exposíción y colección itinerante Salón de la Memoria de Yolombó,05890,"6,59459243","-75,01335058",El propocito de la iniciativa es dar a conocer los procesos del Salón de la Memoria de Yolombó por medio de una exposíción itinerante para acercarla a la  comunidad y de esta menera difundir los espacios de particiàción de las víctimas del municipi
81,Galería viva,05001,"6,24671556","-75,58171333","Galería viva es un proceso artístico, de investigación y de resígnificación del territorio en Medellín, que pretende activar el Cementerio de la América en San Javier como centralidad barrial e hito urbano que narra la historia del sector, las vive"
82,Museo Itinerante de la Memoria de los Montes de María,13244,"9,71857986","-75,12121573","El Museo Itinerante de Montes de María busca desarrollar una estructura desarmable que será una carpa alegórica al ave emblemática de la región que es el mochuelo, pequeño pájaro cantor que ha inspirado muchas canciones populares. Dicha estructura"
83,Parque de Memoria Histórica María Mercedes Méndez,50251,"3,56383402","-73,79401276","""A tan solo 600 m de ahí está ubicada la plaza principal, donde se encuentra el Parque de Memoria Histórica María Mercedes Méndez, al fondo de la avenida. Con árboles frondosos, un obelisco en forma de espiral que tiene como nombre “Anhelos infin"
84,Resígnificación del puente de El Tigre,86865,"0,47570764","-76,84117357","Esta iniciativa se propone realizar un primer ejercicio de reapropiación y resígnificación territorial de un lugar marcado por el conflicto armado, como lo es el puente de la inspección de El Tigre, lugar donde tuvo lugar la masacre conocida como ""la"
85,Salón del Nunca Más,05313,"6,14289667","-75,18444508","Esta es una iniciativa comunitaria, liderada por la asociación de víctimas ASOVIDA. Se trata de un espacio donde se exponen los aspectos fundamentales que enmarcan las afectaciones múltiples en el marco del conflicto interno por todos los actores arma"
86,Galería itinerante: Los ríos Sogamoso y Chucurí fluyen con la arpillería,68689,"7,11887374","-73,55178933","Durante 2017, el Movimiento realizó una exposíción de arpillería (ejercicio de construcción de tejidos acompañados de narrativas), que contiene una recopilación de cuadros que, en conjunto, cuentan la memoria colectiva ambiental del territorio, rec"
87,Galería itinerante: Los ríos Sogamoso y Chucurí fluyen con la arpillería,68895,"6,8143389","-73,26791008","Durante 2017, el Movimiento realizó una exposíción de arpillería (ejercicio de construcción de tejidos acompañados de narrativas), que contiene una recopilación de cuadros que, en conjunto, cuentan la memoria colectiva ambiental del territorio, rec"
88,Galería itinerante: Los ríos Sogamoso y Chucurí fluyen con la arpillería,68092,"6,89952536","-73,28366913","Durante 2017, el Movimiento realizó una exposíción de arpillería (ejercicio de construcción de tejidos acompañados de narrativas), que contiene una recopilación de cuadros que, en conjunto, cuentan la memoria colectiva ambiental del territorio, rec"
89,Galería itinerante: Los ríos Sogamoso y Chucurí fluyen con la arpillería,68081,"7,06496386","-73,84995698","Durante 2017, el Movimiento realizó una exposíción de arpillería (ejercicio de construcción de tejidos acompañados de narrativas), que contiene una recopilación de cuadros que, en conjunto, cuentan la memoria colectiva ambiental del territorio, rec"
90,Galería itinerante: Los ríos Sogamoso y Chucurí fluyen con la arpillería,68655,"7,16784307","-73,55585242","Durante 2017, el Movimiento realizó una exposíción de arpillería (ejercicio de construcción de tejidos acompañados de narrativas), que contiene una recopilación de cuadros que, en conjunto, cuentan la memoria colectiva ambiental del territorio, rec"
91,Galería de los diputados del Valle del Cauca,76147,"4,7587551","-75,94226404","Crear una Galería itinerante de memoria –en adelante Galería– para visíbilizar el caso de los diputados del Valle del Cauca, que contenga diferentes apoyos visuales, objetos relevantes del caso (gráficos, diarios, noticias de prensa, etc.), con el"
92,La Casíta Vergeleña,52385,"1,53146218","-77,64157168","De acuerdo con la información aportada por los integrantes del Grupo de Memoria, el proceso de construcción de la memoria histórica de la vereda El Vergel se realizó en el año 2017 y contó con el acompañamiento de las gestoras de lectura de la Gob"
93,Mural colectivo en Copacabana,05212,"6,34864055","-75,5093439",Actualmente desean expandir el trabajo realizado a Copacabana (Antioquia) y contar con la participación de nuevas personas vinculadas a los procesos. Un municipio que no solo sufrió los desmanes de la guerra a través del desplazamiento forzado síno qu
94,Museo de la memoria - La Giralda,11001,"4,65017303","-74,107359","De acuerdo a la orientación de la organización Alianza Educativa, el colegio La Giralda, mediante sus profesores, encamina ejercicios de reflexión y representación sobre el conflicto armado en el colegio. Cada año se comienza un nuevo proceso, pues"
95,Galeria de Arte: Recuperando la memoria,19001,"2,48250339","-76,57406468","Nuestra iniciativa de memoria busca la construcción de una galería de arte que refleje las historias de vida de varios sobrevivientes de MAP/MSE/TE del Cauca mediante la recolección de testimonios, mensajes, fotografías y videos, en donde se evidenci"
96,"Alejandría, memoria y esperanza: Diseño y montaje del salón municipal de la memoria",05021,"6,37606568","-75,1413329","La iniciativa cuenta con un pequeño Salón de la memoria que recuerda a las víctimas del conflicto en el municipio, en especial entre 1999 y 2004 cuando la violencia alcanzó su máxima expresíón. Pese a no figurar en el imaginario como un pueblo del"
97,Escenarios para la memoria,52356,"0,82773424","-77,64640075","Escenarios para la memoria es una práctica museológica itinerante desde el teatro y otras creaciones artísticas, para la construcción de memoria histórica y transformación colectiva, con participación de víctimas de desplazamiento forzado y otros"
98,Exposíción itinerante Monumentos,76001,"3,4144143","-76,52156515",Visíbilizar hechos violentos y acciones de memoria relacionados con el sector salud a través de un centro móvil de memoria histórica para mostrar lo que vive el sector salud y que es desconocido para muchas personas. Grupo que quiere monumentalizar el
99,Exposíción itinerante Monumentos,52001,"1,21212437","-77,27857635",Visíbilizar hechos violentos y acciones de memoria relacionados con el sector salud a través de un centro móvil de memoria histórica para mostrar lo que vive el sector salud y que es desconocido para muchas personas. Grupo que quiere monumentalizar el
100,Cuadros conmemorativos de las víctimas del conflicto armado,17495,"5,57479539","-74,88954408","La iniciativa consiste en realizar una exposición itinerante (curaduría, museografía y mediación) mediante la recolección de relatos (audios y escritos) y fotografías de los archivos personales de las y los participantes, la construcción de una cartografía social, la exhibición de piezas artísticas que han venido construyendo con otras organizaciones como por ejemplo la línea de tiempo, la coroteca, los retratos y los lienzos entre otras piezas a concertar."
101,Placa conmemorativa,47555,"9,79676987","-74,78468286",Colocar una placa conmemorativa para no olvidar a las víctimas de desaparición forzada en el corregimiento de apure. 2021-04-09
102,"Exposíción itinerante Aparatos de Memoria: la experiencia de las víctimas en Cúcuta, realizada el 9 de abril de 2021",54001,"7,90530629","-72,5082562",Exposíción llevada a cabo en el Centro Comercial Jardín Plaza en San José de Cúcuta. 2021-02-22
103,Mural de memoria histórica de las víctimas de Riofrío,76616,"4,15690499","-76,28831268","Acciones desarrolladas en el municipio de Riofrío, Valle del Cauca, en la entrada occidental al municipio de Riofrío, que consístió en la elaboración de un mural por las víctimas. 2021-04-09"
104,Mural,52473,"2,50711641","-78,45298541",Acciones desarrolladas en el parque central del municipio para la construcción de un mural durante el 1 de abril de 2021
105,Kiosco de la Reconciliación,18094,"1,41578645","-75,87247395",Desarrollar acciones de construcciòn de memoria histórica con las víctimas del municipio.
106,Escenarios para la memoria,52001,"1,21212437","-77,27857635","Escenarios para la memoria es una práctica museológica itinerante desde el teatro y otras creaciones artísticas, para la construcción de memoria histórica y transformación colectiva, con participación de víctimas de desplazamiento forzado y otros"
107,Escenarios para la memoria,52678,"1,33535188","-77,59445713","Escenarios para la memoria es una práctica museológica itinerante desde el teatro y otras creaciones artísticas, para la construcción de memoria histórica y transformación colectiva, con participación de víctimas de desplazamiento forzado y otros"
108,Salón de la memoria para las víctimas,19807,"2,34997643","-76,68423879","Acciones desarrolladas en el espacio dedicado a la observación de historias y memorias de las víctimas del conflicto armado del municipio, en la Casa de la cultura. 2021-05-03"
109,"Monumento Memoria, verdad y vida",15001,"5,53995324","-73,35548873",Acto itinerante de performance en el cual van a las ciudades o pueblos del departamento y en la plaza principal ubican una serie de bloques de ladrillo con nombres de víctimas del conflicto. síempre dejan algunos ladrillos en blanco para que puedan ser
110,Escenarios para la memoria,52838,"1,08519336","-77,61688638","Escenarios para la memoria es una práctica museológica itinerante desde el teatro y otras creaciones artísticas, para la construcción de memoria histórica y transformación colectiva, con participación de víctimas de desplazamiento forzado y otros"
111,Museo de la Noviolencia,05125,"6,405567","-75,98281889",El Museo de la Noviolencia se conformó por acuerdo municipal y fue inaugurado el 28 de marzo de 2014. Esta iniciativa permite ubicar físícamente los recuerdos que deja la violencia vivida en el municipio y las acciones de resístencia como las Marchas de la Noviolencia y reconciliación con Caicedo
112,Placa conmemorativa para que nunca más se atente contra la vida y nuestras víctimas queden en la memoria colectiva de la sociedad,05670,"6,48594894","-75,01915757","Se solicitada al Estado, para implementar medidas de no repetición, habilitar una placa conmemorativa en el Parque San Roque, donde estaba sítuado el restaurante en el que ocurrieron los hechos del caso. Para rendir homenaje a todas las víctimas de des"
113,Mural por la Vida y la Paz,52696,"2,44954819","-77,97908278",Desarrollar acciones de visíbilización de las víctimas que integren la comunidad del municipio de Santa Bárbara y aporten a la construcción de memoria histórica del municipio. La acción se llevó a cabo el día 2021-03-30
114,La Casa de la Memoria y Escuela Popular El Bonche,70230,"9,57385517","-75,30315625","Los procesos comunitarios que se realizan en la Casa de la Memoria y Escuela Popular El Bonche están encaminados al fortalecimiento de capacidades políticas, construcción de memorias colectivas con enfoque de género, intergeneracional y territorial,"
115,Casa de la Memoria - El Salado,13244,"9,58213384","-75,03568842","Según la página web de la Red Colombiana de Lugares de memoria, la Casa de La Memoria de El Salado es un lugar testimonial construido en 2007 sobre la casa en donde se encontró la mayor fosa común de las víctimas de los paramilitares."
116,Museo virtual de narrativas hipermediales,17174,"4,98581286","-75,60748073","Actualmente se está desarrollando un proyecto de investigación denominado Museo Virtual de narrativas hipermedia al interior de la institución, en la que se busca dar visíbilidad a las historias narradas sobre el conflicto haciendo énfasís en la memo"
117,Museo virtual de narrativas hipermediales,17486,"5,1667057","-75,51984208","Actualmente se está desarrollando un proyecto de investigación denominado Museo Virtual de narrativas hipermedia al interior de la institución, en la que se busca dar visíbilidad a las historias narradas sobre el conflicto haciendo énfasís en la memo"
118,Una huella en la memoria. En memoria a Haider José Ramírez Colorado,05001,"6,24671556","-75,58171333",La información de la IMH se encuentra disponible en: http://corapas.blogspot.com/2012/08/una-huella-en-la-memoria-en-medio-de-la.html
119,Monumento en Memoria de las Víctimas del Conflicto Armado,18610,"1,33194848","-75,9735381",Monumento en Memoria de las Víctimas del Conflicto Armado realizado en el parque del barrio Sumawasí. 2021-03-10
120,Casa Cultural y de la Memoria – Barrio San Pedro Lovaina,05001,"6,24671556","-75,58171333","Realizar la reconstrucción de nuestra memoria del Barrio San Pedro Lovaina, que luego nos lleve a construir las de otros barrio de la misma comuna, en cuanto consíderamos que es nuestro deber como comunidad, entendiéndonos además y sobre todo, parte d"
121,Mural paz y reconciliación,76869,"3,69858793","-76,44196521","Conmemorar a las víctimas del municipio de de Vijes, Valle del Cacua, con la realización de un mural en el Edificio del concejo municipal. 2021-04-09"
122,"Casa vivero ""Jairo Maya""",05001,"6,24671556","-75,58171333","Esta iniciativa tiene como propósíto principal activar un proceso de memoria en la Casa Vivero Pinares de Oriente y su entorno (barrios: Pinares de Oriente, Mano de Dios, Unión de Cristo, entre otros), con el fin de realizar la reconstrucción de la me"
123,Mural por las víctimas,05674,"6,28215585","-75,33261381",Acciones desarrolladas para conmemorar la memoria de las víctimas en la Plaza de mercado del municipio de San Vicente Ferrer. 2021-05-01
124,Placa de memoria histórica en el municipio de Vigía del fuerte,05873,"6,58811984","-76,89618698",Realizar un acto de conmemoración con una placa de memoria histórica en el municipio de Vigía del fuerte (Antioquia) para hacer memoria de los hechos y personas que sufrieron los diferentes hechos victimizantes. Vigía del fuerte (Antioquia). 2021-06-
125,Exposíción itinerante Monumentos,19001,"2,48250339","-76,57406468",Visíbilizar hechos violentos y acciones de memoria relacionados con el sector salud a través de un centro móvil de memoria histórica para mostrar lo que vive el sector salud y que es desconocido para muchas personas. Grupo que quiere monumentalizar el
126,Monumento en memoria de las víctimas del conflicto armado en la comunidad de Oceanía,47660,"10,03253601","-74,2139389",Acciones desarrolladas en la vereda Oceanía del municipio Sabanas de San Ángel durante el 11 de febrero de 2021
127,Parque flores a la memoria,50001,"4,1238615","-73,62709204",Entrega de elemento símbólico: letrero Parque Flores a la memoria en el centro de Villavicencio. Una iniciativa de organizaciones de víctimas y proyecto ejecutado en la actual administración municipal como homenaje a ls víctimas del conflicto armado
128,Galeria por la memoria de los desaparecidos forzadamente de Santa Marta,47001,"11,2294335","-74,19089412","Restablecimiento, curaduría,  ampliación y exposíción de la galeria de memoria de los familiares desaparecidos forzadamente de Santa Marta y Magdalena.  La organización espera el apoyo del CNMH en la conservación, fortalecimiento, ampliación y expo"
129,Mural,52405,"1,93451621","-77,30621378","Mural para conmemorar las víctimas de desplazamiento forzado del municipio. Acciones desarrolladas en el casco urbano de Leiva, Nariño."
130,"Lugar de Memoria: Puente de la memoria y la esperanza en Piñalito, sobre el río Gûejar.",50711,"2,97575038","-73,67469375","Esta iniciativa consíste en generar un reconocimiento de el Puente de Piñalito como un lugar de Memoria, que es importante para la comunidad de Piñalito porque ha sído un testigo sílencioso del conflicto. La comunidad de Piñalito liderada por el Comit"
131,Monumento conmemorativo a las víctimas,73483,"3,62485854","-75,093478",Acciones desarrolladas para desvelar el monumento en homenaje a las víctimas y a la no repetición del conflicto armado.
132,Murales para la paz,52687,"1,50334099","-77,21523165",Pintar diferentes murales en la cabecera municipal de San Lorenzo el 25 de marzo de 2021 que exalten la construcción de memoria histórica en la región y expresen los diferentes sentimientos y percepciones frente al Conflicto Armado Interno Colombiano.
133,Museo de la memoria de Colombia,11002,,,
134,Monumento en el Parque Molón ,13244,,,Monumento en el Parque Molón 
135,Murales de memoria,41668,,,"Están haciendo un lugar de memoria en la conmemoración del desplazamiento y quieren hacer murales de memoria
"
136,Quiosco,13657,,,"Quiosco de la vereda de las Brisas, con un árbol de Tamarindo que tiene la memoria de las víctimas que fueron asesinadas allí. Es un lugar concreto, está monte adentro, donde ocurrió la masacre, a 18 km del corregimiento de San Cayetano, municipio San Juan Mopuceno. Hay visitas de universidades y de la voz de las víctimas conocen su historia. Han compuesto décimas, canciones, dibujos, fotografías, objetos que cuentan la historia y que están en El Mochuelo (una mecedora y una Biblia)
Escribieron un libro llamado “Del ñame espino al calabazo” con el CNMH.
Conmemoran anualmente la masacre de doce personas el 11 de marzo del 2000. Hay también un monumento en la plaza Olaya, de S. Juan Mopuceno, es un burro con un campesino, monumento pagado por el victimario y diseñado por la comunidad en el marco de una sentencia de Justicia y Paz. 
"
137,Sábana de los sueños,70713,,,"Sábana de los sueños de San Onofre (Sucre). Ante el asedio paramilitar la comunidad se refugió en el lago de La Pelona, una vereda. La sábana fue un tejido donde plasmaron lo que sentían. Se reúnen en un lago, siembran peces y hacen memoria. Forma parte del golfo de Morrosquillo y hacen parte del proyecto de cimarronaje del canal del Dique. Hacen memoria en un lugar muy complicado por ser un corredor de narcotráfico. Hay una comunidad afro bastante numerosa. Forman parte de la Red Colombiana de Lugares de Memoria"
138,Monumento a los Guaímaros,13657,,,Monumento a los Guaímaros en la plaza Olaya de San Juan Nepomuceno que conmemora la masacre de agosto 2002. Masacre que nadie ha reconocido. Hacen una conmemoración anual. Tienen un libro producido con Dejusticia. 
139,Monuento a Masacre de las Brisas,13657,,,"Monumento en conmemoración de la Masacre de las Brisas, es un burro con un campesino, fue donado por el victimario fruto de una Sentencia de Justicia y Paz."
140,Casa del Color,70230,,,En Chalán existe la casa del color que trabaja por los derechos de la comunidad LGTBQ+ en los 15 municipios de Montes de María. Ellos reúnen varias organizaciones y trabajan algunos temas relacionados con la memoria histórica.
141,Murales homenaje Alexander Acuña,8001,,,"Universidad del Atlántico, Sede Centro. Hay murales de Alexander Acuña profesonr asesinado y poemas."
142,Placa en homenaje al profesor Jorge Freytter,8001,,,"Placa en homenaje al profesor Jorge Freytter de la Universidad del Atlántico, asesinado. Está en las afureras de la Casa de la Memoria de Barranquilla"
143,Casa de la Memoria de Barranquilla,8001,,,"Casa de la Memoria de Barranquilla, liderada por la Alcaldía, tiene galerías de fotos, colchas, murales y exposición museística."
144,Placa en honor a Luis Mesa,8001,,,"Placa en honor a Luis Mesa, porfesor de la U. Atlántico, está en la calle 48 con 44 de Barranquilla. Se celebra su conmemoración anualmelnte."
145,"Columbarios, cementerios y Parque El Renacimiento",11001,,,"Cementerio Hebreo, Cementerio Alemán, Columbarios del Cementerio Central, Cementerio Británico y Parque del Renacimiento"
146,Parque de la Independencia,11001,,,"""Entre las carreras 5ª y 7ª, encabezando el Eje de la Memoria que constituye la calle 26 —Av. Jorge Eliécer Gaitán— se ubica el Parque de la
Independencia, lugar clave en el desarrollo de la ciudad en el siglo pasado. Dentro del parque se encuentra el denominado “Bosque de la libertad”,
un lugar de memoria constituido por once palmas de cera que representan a
los once diputados a la asamblea departamental del Valle del Cauca asesinados en cautiverio el 18 de junio de 2007 por las FARC."""
147,Universidad Nacional,11001,,,"""La Universidad Nacional de Colombia y su campus que se extiende sobre
la calle 26 —la llamada Ciudad Blanca— han sido históricamente en
muchos ámbitos un motor del país: centro de debate y de pensamiento
crítico. Por esto mismo ha sido escenario de confrontación y de innumerables acontecimientos que hacen parte de la historia de las luchas sociales y
políticas en Colombia. Así por ejemplo, el movimiento estudiantil ha tenido en
la Nacional un epicentro en sus diversas coyunturas, desde las jornadas contra
la “rosca” en 1929 donde muere el primer estudiante asesinado a manos de la
policía y el ejercito, hasta el paro nacional estudiantil de la MANE en 2011,
pasando por el movimiento que desestabilizó a Rojas Pinilla en 1954, el paro y
pliego mínimo del 71 y la toma de las residencias y masacre estudiantil de 1984,
que llevó a la Universidad a más de un año de cierre."""
148,Plazoleta Galán,11001,,,"""Monumento a la dignidad” se denomina la estatua de Luis Carlos
Galán que se emplaza en el exterior del Consejo de Bogotá,
de cara a la calle 26. Galán fue concejal de la ciudad en varias
ocasiones y con actuaciones destacadas"""
149,Busto de Gaitán,11001,,,"""En 1948, meses después del Bogotazo, el Concejo de Bogotá dispuso para honrar la memoria del Dr. Gaitán varias intervenciones en el espacio público, entre otras nombrar la calle 26 como Av. Jorge Eliécer Gaitán. El busto del líder liberal que se ubica sobre esta importante vía (a la altura de la carrera 19B) y la plazoleta que lo rodea fueron restaurados
en 2012. "
150,Plazoleta de los Murales,11001,,,"""La Plazoleta de los Murales sobre la Calle 26 es ante
todo un lugar de memoria, donde se representa y reivindica una visión del pasado históricamente negada.
Así, bajo la consigna de “los muros de la 26 no callan”, se
inauguraron a mediados de 2012, varios murales de gran
formato, ganadores de una convocatoria pública gestada
por IDARTES que se extienden a lo largo de la 26"""
151,Palacio de Justicia,11001,,,"""En la mañana del 6 de noviembre de 1985, el Grupo Guerrillero M-19 se tomó el Palacio de Justicia, reteniendo en su interior a visitantes y funionarios judiciales.Las fuerzas del Estado respondieron con una contra-toma que duró dos días"" (Comisión de la Verdad, 2023)"
152,Cantón Norte,11001,,,"""en el complejo militar del Cantón Norte en Bogotá. En ese lugar, entre el 7 y el 15 de noviembre de 1985, alrededor de 20 personas fueron detenidas y sometidas a interrogaciones y torturas."" (Comisión de la Verdad, 2023)"
153,Sitio de Memoria de Gaitán,11001,,,"Lugar donde asesinaron a Gaitán, ubicado en la carrera séptima entre calles 18 y 17, este lugar tiene placas alusivas al legado de Jorge Eliecer Gaitán y los hechos históricos asociados a su asesinato. "
154,Paisajes de Memoria Bojayá,27099,,,
155,Casa Museo de la Memoria,27245,,,
156,Canal del Dique- Cartagena - Casa de memoria,,,,
157,Bosque de la Memoria,18610,,,
158,Casa Muntu Bantu,27001,,,
159,Museo Casa de la Memoria,25290,,,
160,Santuario de Memoria,54001,,,
161,Monumento al paro,76109,,,
162,Centro de Memoria y Documentación Luis Carlos Bello Ulcué,19824,,,
163,Monumento homenaje a las víctimas ,86001,,,"Proyecto de monumento de conmemoriación a víctimas de desplazamiento forzado. Ya tienen ideas sobre el tipo de monumento que quieren construir, pero se propondrá dinámica para construir y validar la propuesta."